{"pickObjectPosition":{"x":0.0,"y":0.0,"z":0.0},"pickObjectRotation":{"x":-0.20961743593215943,"y":0.22136010229587556,"z":0.6743712425231934,"w":0.6725202798843384},"targetObjectPosition":{"x":0.0,"y":0.0,"z":0.0},"targetObjectScale":{"x":0.5,"y":0.5,"z":0.5},"resetPosition":{"x":0.0,"y":0.0,"z":0.0},"moveMode":false,"reset":false,"modelID":""}