{"pickObjectPosition":{"x":-0.21065229177474976,"y":-0.12978002429008485,"z":-0.012139864265918732},"pickObjectRotation":{"x":-0.2096174657344818,"y":0.22136013209819795,"z":0.6743713021278381,"w":0.6725203394889832},"targetObjectPosition":{"x":-0.21065229177474976,"y":-0.12978002429008485,"z":-0.012139864265918732},"targetObjectScale":{"x":0.5,"y":0.5,"z":0.5},"resetPosition":{"x":0.0,"y":0.0,"z":0.0},"moveMode":false,"reset":false,"modelID":""}