{"pickObjectPosition":{"x":0.3163517713546753,"y":0.11606836318969727,"z":0.034777574241161349},"pickObjectRotation":{"x":-0.2096174657344818,"y":0.22136013209819795,"z":0.6743713021278381,"w":0.6725203394889832},"targetObjectPosition":{"x":0.3163517713546753,"y":0.11606836318969727,"z":0.034777574241161349},"targetObjectScale":{"x":0.5,"y":0.5,"z":0.5},"resetPosition":{"x":0.0,"y":0.0,"z":0.0},"moveMode":false,"reset":false,"modelID":""}